Accessories-Bag-ToteBagRosie,1
Accessories-Hat-Hat,4
Accessories-Scarf-AriannaScarf,54
Cosmetics-Makeup-Lipstick,69
DIY-SewingPattern-AdelineSewingPattern,15
DIY-SewingPattern-AllisonSewingPattern,11
DIY-SewingPattern-AlyssaSewingPattern,1
DIY-SewingPattern-BaileySewingPattern,37
DIY-SewingPattern-CharlieSewingPattern,3
DIY-SewingPattern-ElianaSewingPattern,10
DIY-SewingPattern-EvaSewingPattern,6
DIY-SewingPattern-KeiraSewingPattern,2
DIY-SewingPattern-KennedySewingPattern,3
DIY-SewingPattern-LilianaSewingPattern,48
DIY-SewingPattern-LilySewingPattern,1
DIY-SewingPattern-MakaylaSewingPattern,21
DIY-SewingPattern-MariaSewingPattern,20
DIY-SewingPattern-PenelopeSewingPattern,2
DIY-SewingPattern-PeytonSewingPattern,1
DIY-SewingPattern-ReaganSewingPattern,15
DIY-SewingPattern-SadieSewingPattern,3
DIY-SewingPattern-SamanthaSewingPattern,29
DIY-SewingPattern-SewingPattern,1
DIY-SewingPattern-SewingPatternAbby,2
DIY-SewingPattern-SewingPatternBailey,1
DIY-SewingPattern-SewingPatternChloe,1
DIY-SewingPattern-SewingPatternDaisy,2
DIY-SewingPattern-SewingPatternLola,1
DIY-SewingPattern-SewingPatternLucy,1
DIY-SewingPattern-SewingPatternMaggie,1
DIY-SewingPattern-SewingPatternMolly,1
DIY-SewingPattern-SewingPatternSophie,2
DIY-SewingPattern-SewingPatternZoe,2
DIY-SewingPattern-SkylerSewingPattern,1
DIY-SewingPattern-SophieSewingPattern,39
DIY-SewingPattern-StellaSewingPattern,7
DIY-SewingPattern-VioletSewingPattern,7
DIY-StarterKit-StarterKit,80
Lingerie&Beachwear-Beachwear-Bathingsuit-ClaireBathingsuit,19
Lingerie&Beachwear-Beachwear-Bathingsuit-GraceBathingsuit,44
Lingerie&Beachwear-Beachwear-Bathingsuit-ScarlettBathingsuit,106
Lingerie&Beachwear-Lingerie-Body-EllieBody,43
Lingerie&Beachwear-Lingerie-Body-EllieBodyM,1
Lingerie&Beachwear-Lingerie-Body-EllieBodyS,1
Lingerie&Beachwear-Lingerie-Panties-Goodluckpanties,1
PremiumSubscription,105
ReadyToWear-Bottoms-Jeans-CatherineJeans,21
ReadyToWear-Bottoms-Jeans-CiaraJeans,17
ReadyToWear-Bottoms-Jeans-GeorgiaJeans,19
ReadyToWear-Bottoms-Jeans-OctaviaJeans,10
ReadyToWear-Bottoms-Jeans-RoaryJeans,9
ReadyToWear-Bottoms-Jeans-WalesJeans,8
ReadyToWear-Bottoms-Trousers-IsabelleTrousers,36
ReadyToWear-Bottoms-Trousers-IsabelleTrousersS,7
ReadyToWear-Bottoms-Trousers-NatalieTrousers,2
ReadyToWear-Dresses-AnneDress,4
ReadyToWear-Dresses-AriaDress,30
ReadyToWear-Dresses-DaiDress,12
ReadyToWear-Dresses-GemmaDress,10
ReadyToWear-Dresses-GiselleDress,9
ReadyToWear-Dresses-HedyDress,120
ReadyToWear-Dresses-HyacinthDress,18
ReadyToWear-Dresses-IsabellaDress,5
ReadyToWear-Dresses-LilaDress,100
ReadyToWear-Dresses-LillianDress,14
ReadyToWear-Dresses-LillyDress,4
ReadyToWear-Dresses-MayaDress,42
ReadyToWear-Dresses-McKenzieDress,13
ReadyToWear-Dresses-MiaDress,8
ReadyToWear-Dresses-QuincyDress,9
ReadyToWear-Dresses-RiaDress,37
ReadyToWear-Dresses-SloaneDress,11
ReadyToWear-Dresses-SophiaDress,10
ReadyToWear-Dresses-TanyaDress,6
ReadyToWear-Dresses-VictoriaDress,70
ReadyToWear-Jackets-Cape-AnnabelleCape,13
ReadyToWear-Jackets-Jacket-HannahJacket,11
ReadyToWear-Jackets-Jacket-HighSchoolJacket,1
ReadyToWear-Jackets-Jacket-HighSchoolStarryJacket,2
ReadyToWear-Jackets-Jacket-KaitlynJacket,17
ReadyToWear-Jackets-Jacket-LaylaPerfecto,14
ReadyToWear-Jackets-Kimono-AnnaKimono,30
ReadyToWear-Jackets-Kimono-AnnaKimonoS,1
ReadyToWear-Jackets-Trench-Bluetrench,6
ReadyToWear-Jackets-Trench-Redtrench,3
ReadyToWear-Rompers-Jumpsuit-ElenaJumpsuit,27
ReadyToWear-Rompers-Jumpsuit-HaileyJumpsuit,70
ReadyToWear-Rompers-Jumpsuit-ZoeJumpsuit,3
ReadyToWear-Rompers-Overalls-AubreyOveralls,12
ReadyToWear-Skirt-AlexandraSkirt,156
ReadyToWear-Skirt-AudreySkirt,78
ReadyToWear-Skirt-AzaliaSkirt,24
ReadyToWear-Skirt-CailinSkirt,6
ReadyToWear-Skirt-ChloeSkirt,10
ReadyToWear-Skirt-EveSkirt,1
ReadyToWear-Skirt-IdonaSkirt,5
ReadyToWear-Skirt-JaneSkirt,12
ReadyToWear-Skirt-JessamineSkirt,8
ReadyToWear-Skirt-LesleySkirt,14
ReadyToWear-Skirt-LilySkirt,8
ReadyToWear-Skirt-MarnySkirt,63
ReadyToWear-Skirt-PenelopeSkirt,18
ReadyToWear-Skirt-PiperSkirt,1
ReadyToWear-Skirt-RedSilkSkirt,3
ReadyToWear-Skirt-RuthSkirt,4
ReadyToWear-Skirt-SarahSkirt,68
ReadyToWear-Skirt-ShelbySkirt,14
ReadyToWear-Skirt-WynneSkirt,11
ReadyToWear-Tops-Shirt-AvaBlouse,4
ReadyToWear-Tops-Shirt-GazeShirtSandra,1
ReadyToWear-Tops-Shirt-GreyShirt,131
ReadyToWear-Tops-Shirt-LoveShirtSandra,4
ReadyToWear-Tops-Shirt-MilaShirt,49
ReadyToWear-Tops-Shirt-PinkShirt,107
ReadyToWear-Tops-Sweater-AaliyahSweater,37
ReadyToWear-Tops-Sweater-AdalynSweater,331
ReadyToWear-Tops-Sweater-AmeliaSweater,3
ReadyToWear-Tops-Sweater-Kittykittysweater,266
ReadyToWear-Tops-Sweater-NoraSweater,41
ReadyToWear-Tops-Tshirt-EllaTshirtTaniaCherry,10
ReadyToWear-Tops-Top-HarperTop,53
Workshop-Training-Training#1,3
Workshop-Training-Traning22,3